[
  {
    "id": 6,
    "price": 3190.00,
    "amount": 0.24843000,
    "date": "2022-02-01T11:14:11.105Z"
  },
  {
    "id": 7,
    "price": 3195.00,
    "amount": 0.08800000,
    "date": "2022-05-09T11:24:01.105Z"
  },
  {
    "id": 9,
    "price": 3050.01,
    "amount": 0.80000000,
    "date": "2022-03-14T18:14:13.105Z"
  },
  {
    "id": 10,
    "price": 3195.00,
    "amount": 0.05000000,
    "date": "2022-04-19T19:14:15.105Z"
  },
  {
    "id": 17,
    "price": 3195.00,
    "amount": 0.00800000,
    "date": "2022-06-29T07:24:13.105Z"
  }
]
